{
  "Right Option Key Sends" : 0,
  "Tags" : [

  ],
  "Ansi 12 Color" : {
    "Red Component" : 0.41476285457611084,
    "Color Space" : "Calibrated",
    "Blue Component" : 0.58500194549560547,
    "Alpha Component" : 1,
    "Green Component" : 0.55667883157730103
  },
  "Ansi 6 Color" : {
    "Red Component" : 0.53439491987228394,
    "Color Space" : "Calibrated",
    "Blue Component" : 0.67338782548904419,
    "Alpha Component" : 1,
    "Green Component" : 0.69986569881439209
  },
  "Ansi 4 Color" : {
    "Red Component" : 0.41476285457611084,
    "Color Space" : "Calibrated",
    "Blue Component" : 0.58500194549560547,
    "Alpha Component" : 1,
    "Green Component" : 0.55667883157730103
  },
  "Bold Color" : {
    "Red Component" : 0.50599193572998047,
    "Color Space" : "Calibrated",
    "Blue Component" : 0.56363654136657715,
    "Alpha Component" : 1,
    "Green Component" : 0.56485837697982788
  },
  "Normal Font" : "FiraCodeNFM-Med 18",
  "Ansi 5 Color" : {
    "Red Component" : 0.69274789094924927,
    "Color Space" : "Calibrated",
    "Blue Component" : 0.45152521133422852,
    "Alpha Component" : 1,
    "Green Component" : 0.54185044765472412
  },
  "Use Non-ASCII Font" : false,
  "Rows" : 25,
  "Default Bookmark" : "No",
  "Ansi 2 Color" : {
    "Red Component" : 0.39990437030792236,
    "Color Space" : "Calibrated",
    "Blue Component" : 0.49189478158950806,
    "Alpha Component" : 1,
    "Green Component" : 0.56450885534286499
  },
  "Cursor Guide Color" : {
    "Red Component" : 0.64999997615814209,
    "Color Space" : "Calibrated",
    "Blue Component" : 1,
    "Alpha Component" : 0.25,
    "Green Component" : 0.9100000262260437
  },
  "Non-ASCII Anti Aliased" : true,
  "Use Bright Bold" : true,
  "Ansi 10 Color" : {
    "Red Component" : 0.39990437030792236,
    "Color Space" : "Calibrated",
    "Blue Component" : 0.49189478158950806,
    "Alpha Component" : 1,
    "Green Component" : 0.56450885534286499
  },
  "Ambiguous Double Width" : false,
  "Jobs to Ignore" : [
    "rlogin",
    "ssh",
    "slogin",
    "telnet"
  ],
  "Ansi 15 Color" : {
    "Red Component" : 0.926361083984375,
    "Color Space" : "Calibrated",
    "Blue Component" : 0.92634916305541992,
    "Alpha Component" : 1,
    "Green Component" : 0.92633336782455444
  },
  "Foreground Color" : {
    "Red Component" : 0.926361083984375,
    "Color Space" : "Calibrated",
    "Blue Component" : 0.92634916305541992,
    "Alpha Component" : 1,
    "Green Component" : 0.92633336782455444
  },
  "Working Directory" : "\/Users\/sunny",
  "Blinking Cursor" : false,
  "Disable Window Resizing" : true,
  "Sync Title" : false,
  "Prompt Before Closing 2" : false,
  "BM Growl" : true,
  "Command" : "",
  "Description" : "Default",
  "Mouse Reporting" : true,
  "Screen" : -1,
  "Selection Color" : {
    "Red Component" : 0,
    "Color Space" : "Calibrated",
    "Blue Component" : 0.19370138645172119,
    "Alpha Component" : 1,
    "Green Component" : 0.15575926005840302
  },
  "Columns" : 80,
  "Idle Code" : 0,
  "Ansi 13 Color" : {
    "Red Component" : 0.69274789094924927,
    "Color Space" : "Calibrated",
    "Blue Component" : 0.45152521133422852,
    "Alpha Component" : 1,
    "Green Component" : 0.54185044765472412
  },
  "Custom Command" : "No",
  "ASCII Anti Aliased" : true,
  "Non Ascii Font" : "Monaco 12",
  "Vertical Spacing" : 1.02,
  "Use Bold Font" : true,
  "Option Key Sends" : 0,
  "Selected Text Color" : {
    "Red Component" : 0.50599193572998047,
    "Color Space" : "Calibrated",
    "Blue Component" : 0.56363654136657715,
    "Alpha Component" : 1,
    "Green Component" : 0.56485837697982788
  },
  "Background Color" : {
    "Red Component" : 0.17076127231121063,
    "Color Space" : "Calibrated",
    "Blue Component" : 0.25302484631538391,
    "Alpha Component" : 1,
    "Green Component" : 0.22188133001327515
  },
  "Character Encoding" : 4,
  "Ansi 11 Color" : {
    "Red Component" : 0.69542568922042847,
    "Color Space" : "Calibrated",
    "Blue Component" : 0.56413602828979492,
    "Alpha Component" : 1,
    "Green Component" : 0.66249203681945801
  },
  "Use Italic Font" : true,
  "Unlimited Scrollback" : false,
  "Keyboard Map" : {
    "0xf700-0x260000" : {
      "Action" : 10,
      "Text" : "[1;6A"
    },
    "0x37-0x40000" : {
      "Action" : 11,
      "Text" : "0x1f"
    },
    "0x32-0x40000" : {
      "Action" : 11,
      "Text" : "0x00"
    },
    "0xf709-0x20000" : {
      "Action" : 10,
      "Text" : "[17;2~"
    },
    "0xf70c-0x20000" : {
      "Action" : 10,
      "Text" : "[20;2~"
    },
    "0xf729-0x20000" : {
      "Action" : 10,
      "Text" : "[1;2H"
    },
    "0xf72b-0x40000" : {
      "Action" : 10,
      "Text" : "[1;5F"
    },
    "0xf705-0x20000" : {
      "Action" : 10,
      "Text" : "[1;2Q"
    },
    "0xf703-0x260000" : {
      "Action" : 10,
      "Text" : "[1;6C"
    },
    "0xf700-0x220000" : {
      "Action" : 10,
      "Text" : "[1;2A"
    },
    "0xf701-0x280000" : {
      "Action" : 11,
      "Text" : "0x1b 0x1b 0x5b 0x42"
    },
    "0x38-0x40000" : {
      "Action" : 11,
      "Text" : "0x7f"
    },
    "0x33-0x40000" : {
      "Action" : 11,
      "Text" : "0x1b"
    },
    "0xf703-0x220000" : {
      "Action" : 10,
      "Text" : "[1;2C"
    },
    "0xf701-0x240000" : {
      "Action" : 10,
      "Text" : "[1;5B"
    },
    "0xf70d-0x20000" : {
      "Action" : 10,
      "Text" : "[21;2~"
    },
    "0xf702-0x260000" : {
      "Action" : 10,
      "Text" : "[1;6D"
    },
    "0xf729-0x40000" : {
      "Action" : 10,
      "Text" : "[1;5H"
    },
    "0xf706-0x20000" : {
      "Action" : 10,
      "Text" : "[1;2R"
    },
    "0x34-0x40000" : {
      "Action" : 11,
      "Text" : "0x1c"
    },
    "0xf700-0x280000" : {
      "Action" : 11,
      "Text" : "0x1b 0x1b 0x5b 0x41"
    },
    "0x2d-0x40000" : {
      "Action" : 11,
      "Text" : "0x1f"
    },
    "0xf70e-0x20000" : {
      "Action" : 10,
      "Text" : "[23;2~"
    },
    "0xf702-0x220000" : {
      "Action" : 10,
      "Text" : "[1;2D"
    },
    "0xf703-0x280000" : {
      "Action" : 11,
      "Text" : "0x1b 0x1b 0x5b 0x43"
    },
    "0xf700-0x240000" : {
      "Action" : 10,
      "Text" : "[1;5A"
    },
    "0xf707-0x20000" : {
      "Action" : 10,
      "Text" : "[1;2S"
    },
    "0xf70a-0x20000" : {
      "Action" : 10,
      "Text" : "[18;2~"
    },
    "0x35-0x40000" : {
      "Action" : 11,
      "Text" : "0x1d"
    },
    "0xf70f-0x20000" : {
      "Action" : 10,
      "Text" : "[24;2~"
    },
    "0xf703-0x240000" : {
      "Action" : 10,
      "Text" : "[1;5C"
    },
    "0xf701-0x260000" : {
      "Action" : 10,
      "Text" : "[1;6B"
    },
    "0xf702-0x280000" : {
      "Action" : 11,
      "Text" : "0x1b 0x1b 0x5b 0x44"
    },
    "0xf72b-0x20000" : {
      "Action" : 10,
      "Text" : "[1;2F"
    },
    "0x36-0x40000" : {
      "Action" : 11,
      "Text" : "0x1e"
    },
    "0xf708-0x20000" : {
      "Action" : 10,
      "Text" : "[15;2~"
    },
    "0xf701-0x220000" : {
      "Action" : 10,
      "Text" : "[1;2B"
    },
    "0xf70b-0x20000" : {
      "Action" : 10,
      "Text" : "[19;2~"
    },
    "0xf702-0x240000" : {
      "Action" : 10,
      "Text" : "[1;5D"
    },
    "0xf704-0x20000" : {
      "Action" : 10,
      "Text" : "[1;2P"
    }
  },
  "Window Type" : 0,
  "Cursor Type" : 2,
  "Background Image Location" : "",
  "Blur" : false,
  "Badge Color" : {
    "Red Component" : 1,
    "Color Space" : "Calibrated",
    "Blue Component" : 0,
    "Alpha Component" : 0.5,
    "Green Component" : 0
  },
  "Scrollback Lines" : 1000,
  "Send Code When Idle" : false,
  "Close Sessions On End" : true,
  "Terminal Type" : "xterm-256color",
  "Visual Bell" : true,
  "Flashing Bell" : false,
  "Silence Bell" : false,
  "Ansi 14 Color" : {
    "Red Component" : 0.53439491987228394,
    "Color Space" : "Calibrated",
    "Blue Component" : 0.67338782548904419,
    "Alpha Component" : 1,
    "Green Component" : 0.69986569881439209
  },